2026-05-12_20-57-46,0,dlist.go:2026-05-12_20-57-46;main.go:2026-05-12_20-57-46
2026-05-12_21-11-08,0,dlist.go:2026-05-12_20-57-46;main.go:2026-05-12_21-11-08
2026-05-12_21-12-15,0,dlist.go:2026-05-12_21-12-15;main.go:2026-05-12_21-12-15
2026-05-12_21-12-15,0,dlist.go:2026-05-12_21-12-15;main.go:2026-05-12_21-12-15
2026-05-12_21-12-22,0,dlist.go:2026-05-12_21-12-22;main.go:2026-05-12_21-12-22
2026-05-12_21-15-41,0,dlist.go:2026-05-12_21-12-22;main.go:2026-05-12_21-15-41
2026-05-12_21-16-46,0,dlist.go:2026-05-12_21-12-22;main.go:2026-05-12_21-16-46
2026-05-12_21-18-43,0,dlist.go:2026-05-12_21-12-22;main.go:2026-05-12_21-16-46
2026-05-12_21-20-00,0,dlist.go:2026-05-12_21-12-22;main.go:2026-05-12_21-20-00
2026-05-12_21-27-34,0,dlist.go:2026-05-12_21-12-22;main.go:2026-05-12_21-20-00
2026-05-12_21-28-32,0,dlist.go:2026-05-12_21-12-22;main.go:2026-05-12_21-20-00
2026-05-12_21-29-16,0,dlist.go:2026-05-12_21-12-22;main.go:2026-05-12_21-20-00
